瀬戸宗磨,男,0293-27-1243,souma30375@hvfniyxg.yau,313-0022,茨城県常陸太田市真弓町4-7,1999/1/15,23
藤野紬,女,055-416-9432,tsumugi71640@jcdtiuodg.oz,400-0833,山梨県甲府市西油川町2-3,1994/12/10,27
岡裕美,女,079-185-4898,Hiromi_Oka@nyam.ntk,675-0061,兵庫県加古川市加古川町大野2-1,1966/9/4,56
木本亜紀,女,073-695-1113,ikimoto@nuzli.dcydj.mc,640-1243,和歌山県海草郡紀美野町神野市場2-17-18,1974/1/29,48
古田姫乃,女,0833-04-3254,Himeno_Furuta@kswa.er.yew,745-0023,山口県周南市那智町4-4,2008/1/6,14
宇野嬉春姫,女,046-947-2824,hasuki117@mmqgllpr.wvr.bg,246-0001,神奈川県横浜市瀬谷区卸本町1-18-2,2010/1/12,12
三宅心,女,06-6870-5536,Kokoro_Miyake@alnapjvim.ig.hz,576-0053,大阪府交野市郡津4-13-2タワー郡津115,1988/7/24,34
増山大地,男,088-841-8545,bzskyylvbbqciyvdaichi12900@njwoh.hr,771-1615,徳島県阿波市市場町大影3-3,1982/9/9,40
南田謙二,男,055-79-4457,kenji7628@hjignub.mmw,407-0014,山梨県韮崎市富士見1-1-13,1991/8/15,31
竹原華蓮,女,029-652-2650,Karen_Takehara@giwrlvjxf.nqf,311-1222,茨城県ひたちなか市海門町1-9-4,1980/5/7,42
影山美智子,女,088-361-3550,michiko898@ymkxybz.ofr,789-1924,高知県幡多郡黒潮町馬荷2-18-2ロイヤル馬荷209,1987/5/9,35
三原千穂,女,078-157-9506,Chiho_Mihara@bgaitzjhz.lr,655-0008,兵庫県神戸市垂水区小束台4-11-7,1987/10/11,35
上村亮一,男,073-457-9043,ryouichi714@bfhkwon.dcq,646-0059,和歌山県田辺市古尾2-12,1978/8/19,44
細田三朗,男,087-03-4222,xngfeksaburou8302@vmlfdjbvvp.xv,761-0613,香川県木田郡三木町上高岡4-3,1982/11/8,40
坂田利奈,女,058-688-3732,Rina_Sakata@zsevx.fff,503-2503,岐阜県揖斐郡揖斐川町春日川合3-6-5,1997/11/6,25
川上麻巳子,女,053-955-7691,Mamiko_Kawakami@ejls.ocju.jj,427-0045,静岡県島田市向島町1-17-4,1970/3/1,52
中谷宗雄,男,024-267-3414,muneonakatani@nfijte.wr,969-6180,福島県会津若松市北会津町両堂1-13北会津町両堂ハイツ403,1984/10/6,38
前野佳奈子,女,078-113-1639,kanakomaeno@tyyplkkxss.ma,671-1104,兵庫県姫路市広畑区才4-4-18,1963/4/25,59
高瀬比呂,男,097-00-5074,hiro455@bdfjvzwt.pmvau.oqb,877-1112,大分県日田市夜明中町1-15,1978/8/30,44
山口結芽,女,029-196-3618,yumeyamaguchi@oacfhu.hoz,316-0001,茨城県日立市諏訪町4-4-12,2005/3/13,17
久野信雄,男,024-667-4850,ohisano@jcnnw.ph,965-0033,福島県会津若松市行仁町2-17プレイス行仁町301,1988/4/6,34
村岡春奈,女,089-659-2961,haruna479@vfdq.mnu,795-0089,愛媛県大洲市蔵川3-4蔵川ヴィレッジ112,1990/3/14,32
秋元舞,女,0742-27-9850,mai44379@bnrilz.hf,638-0024,奈良県吉野郡下市町貝原4-9-18,1994/6/3,28
溝口五郎,男,04-5725-0168,gorou665@osrquvr.hw.tp,366-0002,埼玉県深谷市下手計2-13-7,1983/9/7,39
橋本孝夫,男,087-732-1818,takao5191@aucavdrbo.eg,762-0002,香川県坂出市入船町1-20-15,1989/2/24,33
須藤穂花,女,055-495-1981,asudou@gvtqfx.gka,400-0012,山梨県甲府市下積翠寺町2-1-20,1987/1/30,35
冨永彦太郎,男,098-937-7366,hikotarou082@kfmaqcgzd.dqx,901-0211,沖縄県豊見城市饒波4-12,1979/4/16,43
中原夕映,女,089-578-6831,yue_nakahara@unztxfj.evj,790-0004,愛媛県松山市大街道4-20,2003/8/8,19
若松尚生,男,03-8205-7073,owakamatsu@jywtllygj.cyz,106-0031,東京都港区西麻布2-8,1979/8/30,43
寺田莉乃,女,0954-30-7700,oterada@fipl.lypwc.xjd,840-2203,佐賀県佐賀市川副町早津江1-3-6川副町早津江ドリーム211,2006/3/20,16
上山静枝,女,0294-73-0586,shizue6117@snpqwgzvm.ss,319-2143,茨城県常陸大宮市根本3-12-7,1967/1/29,55
平川裕久,男,053-505-8463,hirohisa_hirakawa@tktugb.xgw,431-1417,静岡県浜松市北区三ヶ日町平山2-13-1,1976/5/8,46
大塚彩乃,女,0968-53-8552,gbrzllbjswt=ayano87583@ftwycm.gu,860-0071,熊本県熊本市西区池亀町3-1-13池亀町マンション105,2004/9/20,18
土田喜八郎,男,0247-02-5530,kihachiroutsuchida@elyqnbwsb.xrz.zf,960-0488,福島県伊達市上台1-18-19,1976/10/20,46
荻野芽依,女,076-237-1870,mei_ogino@zukqologja.zkq,933-0113,富山県高岡市伏木4-16-2伏木メゾン203,1997/5/16,25
河口夏未翔,男,0283-10-6921,vcjahexfgzixlvnamito0982@vcdgnctip.po,321-0237,栃木県下都賀郡壬生町下稲葉1-8,2003/12/7,18
大貫菜々実,女,06-1078-2382,ioonuki@bqpw.lwaf.ni,591-8024,大阪府堺市北区黒土町1-6-7,1996/4/10,26
古谷比呂,男,025-348-9279,hiro597@rqycm.hyb,949-6434,新潟県南魚沼市天野沢3-5-10,1970/12/2,51
生田郁真,男,099-881-4890,Ikuma_Ikuta@xmfj.onr.ux,891-0912,鹿児島県南九州市知覧町南別府3-16-12,2005/1/24,17
野呂裕平,男,022-022-7649,yuuheinoro@htyjgirw.lnt,983-0822,宮城県仙台市宮城野区燕沢東4-14-6,1976/4/30,46
岸田美琴,女,024-391-2596,mikoto6333@srbfvqwyyr.mi,969-3113,福島県耶麻郡猪苗代町堤北2-5-5,1980/1/21,42
重田帆花,女,0220-04-3022,honoka8636@fidgkfjxi.ip,989-0215,宮城県白石市斎川3-16,1983/9/27,39
古橋拓也,男,078-363-9680,dhcjvkohltakuya7875@maulw.yft,669-5377,兵庫県豊岡市日高町山田3-20-2,1967/3/8,55
萩原昭吾,男,0229-62-6557,shougo562@enniil.sis,989-6227,宮城県大崎市古川大崎4-11,1963/8/1,59
千田洋平,男,0887-46-7835,youhei_senda@tcnpyy.wmm,786-0096,高知県高岡郡四万十町窪川中津川3-2,1998/12/8,23
河村智恵理,女,0952-78-0383,ikawamura@ncbwutk.iux,843-0011,佐賀県武雄市橘町芦原1-14,1983/5/15,39
塚原音弥,男,098-28-3587,otoya_tsukahara@fxamb.hfb,906-0002,沖縄県宮古島市平良狩俣1-8,2002/5/26,20
江崎昭雄,男,042-46-9344,akio661@cxigeki.awo,350-1253,埼玉県日高市台3-13-5,1982/2/16,40
粕谷理津子,女,089-40-3784,ritsuko97588@zfroaahzr.rezk.gaj,791-0312,愛媛県東温市則之内乙4-4則之内乙プラチナ215,1970/6/26,52
小倉月希子,女,0293-0-3585,tsukiko49204@mhvkqdwzdb.pcckb.rjh,311-2115,茨城県鉾田市中居3-5-19中居マンション313,2011/4/15,11
野田来未,女,0548-09-6143,xmg=qdoszxhxqkurumi87997@sutgzzka.ncu,415-0038,静岡県下田市大賀茂3-13-19,2010/11/26,11
野村花音,女,0297-65-0687,kanon0098@kfzv.qdv,300-2423,茨城県つくばみらい市成瀬1-18-12,1965/7/30,57
宮城照夫,男,0852-39-9500,teruo47325@rjciias.rik,696-0003,島根県邑智郡川本町因原4-10-20レジデンス因原101,1987/3/31,35
関口美央,女,078-029-8106,mio16348@zsrqfzsbv.kxt,668-0055,兵庫県豊岡市昭和町2-3-7キャッスル昭和町311,1982/1/31,40
柿崎良子,女,088-659-3074,yoshiko50299@kibet.djw.tj,783-0033,高知県南国市包末1-19-5包末シーサイド100,1967/1/6,55
江原真紀,女,025-502-2705,makiebara@qqrsucmhbg.dit,955-0054,新潟県三条市大宮新田2-3-19大宮新田ハイツ317,1965/3/9,57
久保田伊都子,女,0595-60-9914,itsukokubota@dalkqlj.dnp,515-0843,三重県松阪市殿村町1-17-17殿村町グランド410,1976/10/28,46
森春馬,男,098-83-1626,haruma156@mhzvfes.hhr,905-0206,沖縄県国頭郡本部町石川1-19-1ザ石川300,2012/4/29,10
小沼秋雄,男,046-946-4939,akio_onuma@hmllqqzcel.km,231-0042,神奈川県横浜市中区福富町西通3-11-11,1969/2/17,53
碓井愛海,女,073-290-1441,manami266@sgxpygzgz.fw.yem,649-6403,和歌山県紀の川市南勢田4-1-13,1987/9/18,35
須賀悠菜,女,0585-85-1540,yuuna8415@jdffzckk.cdd,501-5622,岐阜県大野郡白川村芦倉3-3-19,1969/1/3,53
山脇静枝,女,0299-54-8656,shizue97347@duhefugkf.gr,309-1455,茨城県桜川市水戸1-7-1ロイヤルパレス水戸300,1994/8/8,28
赤松信幸,男,083-609-3989,nobuyukiakamatsu@pvothjykdd.erw,750-0028,山口県下関市長崎本町2-16-5,1976/5/15,46
黒川風音,女,023-826-9366,ekurokawa@uwypwiv.sei,999-5208,山形県最上郡鮭川村石名坂3-2石名坂コンフォート415,1995/12/15,26
三橋好美,女,0257-53-2266,yoshimi376@jagpedwgkr.ovh,952-0505,新潟県佐渡市羽茂三瀬3-18-17,1967/3/16,55
小沼紗久子,女,0578-47-2620,Sakuko_Onuma@cjfwkah.zonqc.ez,501-3125,岐阜県岐阜市大洞緑山2-5,2011/6/2,11
小幡満夫,男,0742-36-7001,oobata@htzqdzvuo.ipu,639-2245,奈良県御所市今住4-20-4,1973/1/14,49
坂野知美,女,082-445-2934,widugusx=cdiflhtomomi13104@qscrdqed.lwr,721-0907,広島県福山市春日町3-16-13春日町の杜105,1972/4/1,50
寺島鉄男,男,0749-81-6811,tetsuo198@cyuoszqz.ex,520-0245,滋賀県大津市仰木町1-1-18,1982/3/6,40
齋藤優心,男,0263-69-7968,yuushin2936@wzalanf.fe,384-0052,長野県小諸市東区4-2,2009/9/26,13
永島里桜,女,0983-63-5833,rio237@tanjhiw.mfq,880-0013,宮崎県宮崎市松橋4-13,2003/5/23,19
倉持伽耶子,女,083-612-8773,kayako6089@edehsbsg.jzz,753-0087,山口県山口市米屋町3-8-14,2010/4/4,12
川畑敏夫,男,088-057-6293,okawabata@ygfog.vls,779-3405,徳島県吉野川市山川町貞田4-14-2山川町貞田荘313,1986/6/24,36
近藤優佳,女,028-285-6652,yuuka_kondou@ywvrmreqa.fl,323-0154,栃木県小山市高椅3-1-11,1966/5/16,56
鈴木広幸,男,0742-53-6042,hiroyuki_suzuki@zzqcggo.ajj.wro,637-0233,奈良県五條市西吉野町桧川迫2-14-2,1992/6/29,30
長浜雫,女,0577-65-6246,shizuku72997@tylxh.xikgf.nj,501-6302,岐阜県羽島市舟橋町2-18-5舟橋町タワー214,2012/8/12,10
真田一朗,男,0852-0-3476,ichirou_sanada@beecncc.dfcmt.baq,690-0411,島根県松江市鹿島町御津2-1ハイツ鹿島町御津117,1966/9/1,56
松崎洋一郎,男,06-018-7554,youichirou_matsuzaki@gsupnvfrns.tepsv.zxm,565-0831,大阪府吹田市五月が丘東4-6-2,1992/9/17,30
塩谷義明,男,0240-30-8130,Yoshiaki_Shiotani@jpobcu.qxq,973-8409,福島県いわき市内郷御台境町1-20,2004/12/13,17
相良新吉,男,04-0727-0239,shinkichi6254@bqoynvxk.zhw,369-1104,埼玉県深谷市菅沼1-15,1991/4/7,31
生田来夢,男,0460-75-2856,raimu6072@bbrcpfyhb.ekpz.yc,240-0111,神奈川県三浦郡葉山町一色4-9-13,2012/5/12,10
日野花織子,女,0858-89-2813,ohino@mpdjpisl.ki,689-0518,鳥取県鳥取市青谷町大坪1-19-14ステーション青谷町大坪301,2010/4/1,12
松原哲二,男,042-308-7676,kgcknknlbtetsuji68077@jgzyvh.lkav.wp,350-1152,埼玉県川越市砂久保3-10ザ砂久保409,1980/11/10,42
石渡清佳,女,0955-9-5127,aishiwatari@uuqy.giuu.wu,847-0842,佐賀県唐津市山下町4-14-8プレシャス山下町212,1980/9/28,42
児島冨士雄,男,097-280-4210,fujio5069@vzjgo.ycsy.ato,875-0072,大分県臼杵市中臼杵3-16-14,1971/5/6,51
柳田恭子,女,077-836-4624,Kyouko_Yanagida@eltf.gp,600-8171,京都府京都市下京区上平野町1-10-9,1992/9/21,30
笠井信之,男,06-181-0930,Nobuyuki_Kasai@krjh.rba,533-0001,大阪府大阪市東淀川区井高野1-12,1982/10/25,40
今井直花,女,087-912-9833,naoka71925@vtnnu.ett,764-0017,香川県仲多度郡多度津町西港町1-19-16コート西港町306,2005/6/23,17
前田亀次郎,男,0263-57-0081,vl=vczdtnhkamejirou453@oehaozqsr.et.tw,390-1102,長野県東筑摩郡朝日村小野沢2-13-17,1984/11/3,38
樋口葵衣,女,0287-80-2627,aoi992@fqmflr.rgm,321-1448,栃木県日光市清滝新細尾町1-11-8ザ清滝新細尾町410,1990/6/20,32
三枝澪,女,0770-74-5483,mio614@fnborjjs.qnt,911-0048,福井県勝山市荒土町別所1-3-19,1984/7/12,38
保坂亜衣,女,095-438-3312,ihosaka@tvvcrh.uwt.ni,851-2102,長崎県西彼杵郡時津町浜田郷1-17-20,2002/6/1,20
曽根瑞姫,女,095-356-0431,isone@xbttdio.lc,850-0855,長崎県長崎市東古川町4-13-19,1988/12/20,33
山城千尋,女,0545-01-9100,brbhngtce=xchihiro6290@beylnyc.gx,421-3213,静岡県静岡市清水区蒲原中3-8-4,2000/1/2,22
藤原咲希,女,099-247-4627,saki_fujiwara@yrif.tvu,895-0002,鹿児島県薩摩川内市楠元町2-5-13,1969/3/3,53
市村喜代子,女,0853-32-1903,kiyoko73868@wrqhvwkk.ni,699-0401,島根県松江市宍道町宍道4-3,1964/12/11,57
井村宏平,男,0270-06-6600,kouhei7180@xjzkc.xwpy.vyn,374-0066,群馬県館林市大街道3-13-20大街道メゾン417,2008/10/10,14
早坂美和,女,073-550-5872,txkreguvgqzqmmiwa9845@koofh.lqm,649-5131,和歌山県東牟婁郡那智勝浦町西中野川1-3,1972/3/6,50
小沢博一,男,0977-93-5152,hirokazu_ozawa@smdlhu.xah.tfw,879-0614,大分県豊後高田市来縄1-20-7,2012/3/1,10
益田喜代子,女,019-379-0218,wnsfizkiyoko78392@xvub.un,028-0101,岩手県花巻市東和町北前田2-17-9タワー東和町北前田107,1991/3/24,31
